Descripcion;Archivo;Aprobado/Denegado;fecha;comercial;administracion;patologia a tratar;Acronimo patologia;combinacion;monoterapia;medicamento en combinacion;compañia;docs;forma_farmaceutica_simplificada;ema;principio activo;FDA info;FDA fecha;FDA
Wyost (Denosumab 120 mg ): o Prevención de eventos relacionados con el esqueleto (ERE) (fractura patológica, radioterapia ósea, compresión de la médula espinal o cirugía ósea) en adultos con neoplasias avanzadas con afectación ósea;NOTAINFORMATIVACIPM_DICIEMBRE2024.pdf;aprobado;2024-12-18;Wyost;no hay linea;neoplasia;;False;False;;Sandoz Gmbh;https://cima.aemps.es/cima/pdfs/p/1241812001/P_1241812001.pdf;INYECTABLE;True;DENOSUMAB;;;False
Wyost (Denosumab 120 mg ): o Tratamiento de adultos y adolescentes con el esqueleto maduro con tumor de células gigantes de hueso no resecable o cuando la resección quirúrgica implique morbilidad grave;NOTAINFORMATIVACIPM_DICIEMBRE2024.pdf;aprobado;2024-12-18;Wyost;no hay linea;tumor;;False;False;;Sandoz Gmbh;https://cima.aemps.es/cima/pdfs/p/1241812001/P_1241812001.pdf;INYECTABLE;True;DENOSUMAB;;;False
Jubbonti (Denosumab 60 mg ): o Tratamiento de la pérdida ósea asociada con la supresión hormonal en hombres con cáncer de próstata con riesgo elevado de fracturas . En hombres con cáncer de próstata sometidos a supresión hormonal, denosumab reduce significativamente el riesgo de fracturas vertebrales;NOTAINFORMATIVACIPM_DICIEMBRE2024.pdf;aprobado;2024-12-18;Jubbonti;no hay linea;cáncer de próstata;;False;False;;Sandoz Gmbh;https://cima.aemps.es/cima/pdfs/p/1241813001/P_1241813001.pdf;INYECTABLE;True;DENOSUMAB;;;False
Xalkori (crizotinib ): o Tratamiento de pacientes pediátricos (de ≥ 1 a < 18 años de edad) con tumor miofibroblástico inflamatorio (TMI) irresecable recurrente o refractario, positivo para la quinasa del linfoma anaplásico (ALK).;NOTAINFORMATIVACIPM_NOVIEMBRE2024.pdf;aprobado;2024-11-20;Xalkori;no hay linea;linfoma;alk;False;False;;Pfizer Europe Ma Eeig;https://cima.aemps.es/cima/pdfs/p/112793001/P_112793001.pdf;CAPSULA;True;CRIZOTINIB;;;False
Xalkori (crizotinib ): o Tratamiento de pacientes pediátricos (de ≥ 1 a < 18 años de edad) con tumor miofibroblástico inflamatorio (TMI) irresecable recurrente o refractario, positivo para la quinasa del linfoma anaplásico (ALK).;NOTAINFORMATIVACIPM_NOVIEMBRE2024.pdf;aprobado;2024-11-20;Xalkori;no hay linea;tumor;tmi;False;False;;Pfizer Europe Ma Eeig;https://cima.aemps.es/cima/pdfs/p/112793001/P_112793001.pdf;CAPSULA;True;CRIZOTINIB;;;False
Xalkori (crizotinib ): o Tratamiento de pacientes pediátricos (de ≥ 1 a < 18 años de edad) con tumor miofibroblástico inflamatorio (TMI) irresecable recurrente o refractario, positivo para la quinasa del linfoma anaplásico (ALK).;NOTAINFORMATIVACIPM_NOVIEMBRE2024.pdf;aprobado;2024-11-20;Xalkori;no hay linea;tumor;alk;False;False;;Pfizer Europe Ma Eeig;https://cima.aemps.es/cima/pdfs/p/112793001/P_112793001.pdf;CAPSULA;True;CRIZOTINIB;;;False
Xalkori (crizotinib ): o Tratamiento de pacientes pediátricos (de ≥ 1 a < 18 años de edad) con linfoma anaplásico de células grandes (LACG) sistémico en recaída o refractario, positivo para la quinasa del linfoma anaplásico (ALK);NOTAINFORMATIVACIPM_NOVIEMBRE2024.pdf;aprobado;2024-11-20;Xalkori;no hay linea;linfoma;alk;False;False;;Pfizer Europe Ma Eeig;https://cima.aemps.es/cima/pdfs/p/112793001/P_112793001.pdf;CAPSULA;True;CRIZOTINIB;;;False
Xalkori (crizotinib ): o Tratamiento de pacientes pediátricos (de ≥ 1 a < 18 años de edad) con linfoma anaplásico de células grandes (LACG) sistémico en recaída o refractario, positivo para la quinasa del linfoma anaplásico (ALK);NOTAINFORMATIVACIPM_NOVIEMBRE2024.pdf;aprobado;2024-11-20;Xalkori;no hay linea;linfoma;lacg;False;False;;Pfizer Europe Ma Eeig;https://cima.aemps.es/cima/pdfs/p/112793001/P_112793001.pdf;CAPSULA;True;CRIZOTINIB;;;False
 Talzenna (talazoparib ): en combinación con enzalutamida para el tratamiento de pacientes adultos con cáncer de próstata metastásico resistente a la castración (CPRCm) en los que la quimioterapia no está clínicamente indicada. ;NOTAINFORMATIVACIPM_NOVIEMBRE2024.pdf;aprobado;2024-11-20;Talzenna;segunda línea y tercera línea;cáncer de próstata;cprcm;True;False;enzalutamida para el tratamiento de pacientes adultos con cáncer de próstata metastásico resistente a la castración (CPRCm) en los que la quimioterapia no está clínicamente indicada;Pfizer Europe Ma Eeig;https://cima.aemps.es/cima/pdfs/p/191377007/P_191377007.pdf;CAPSULA;True;TALAZOPARIB TOSILATO;;;False
 Tepkinly (epcoritamab ): Tratamiento en monoterapia de pacientes adultos con linfoma B difuso de células grandes (LBDCG) en recaída o refractario después de dos o más líneas de tratamiento sistémico. ;NOTAINFORMATIVACIPM_NOVIEMBRE2024.pdf;aprobado;2024-11-20;Tepkinly;segunda línea y tercera línea;linfoma;lbdcg;False;True;;Abbvie Deutschland Gmbh & Co. Kg;https://cima.aemps.es/cima/pdfs/p/1231759001/P_1231759001.pdf;INYECTABLE;True;EPCORITAMAB;;;False
Tevimbra (Tislelizumab ): o En monoterapia para el tratamiento de pacientes adultos con carcinoma de células escamosas de esófago (CCEE ) irresecable, localmente avanzado o metastásico, tras quimioterapia previa basada en platino.;NOTAINFORMATIVACIPM_NOVIEMBRE2024.pdf;aprobado;2024-11-20;Tevimbra;segunda línea;carcinoma;;False;True;;Beigene Ireland Limited;https://cima.aemps.es/cima/pdfs/p/1231758001/P_1231758001.pdf;INYECTABLE PERFUSION;True;TISLELIZUMAB;;;False
Tevimbra (Tislelizumab ): o En monoterapia está indicado para el tratamiento de pacientes adultos con CPNM localmente avanzado o metastásico después de tratamiento previo basado en platino. Los pacientes con CPNM con EGFR mutado o ALK positivo deben haber recibido también terapias di rigidas antes de recibir tislelizumab;NOTAINFORMATIVACIPM_NOVIEMBRE2024.pdf;aprobado;2024-11-20;Tevimbra;primera línea y segunda línea;Cáncer de Pulmón con Mutación en ALK;alk;False;True;;Beigene Ireland Limited;https://cima.aemps.es/cima/pdfs/p/1231758001/P_1231758001.pdf;INYECTABLE PERFUSION;True;TISLELIZUMAB;;;False
Tevimbra (Tislelizumab ): o En monoterapia está indicado para el tratamiento de pacientes adultos con CPNM localmente avanzado o metastásico después de tratamiento previo basado en platino. Los pacientes con CPNM con EGFR mutado o ALK positivo deben haber recibido también terapias di rigidas antes de recibir tislelizumab;NOTAINFORMATIVACIPM_NOVIEMBRE2024.pdf;aprobado;2024-11-20;Tevimbra;primera línea y segunda línea;Carcinoma Pulmonar No Microcítico;cpnm;False;True;;Beigene Ireland Limited;https://cima.aemps.es/cima/pdfs/p/1231758001/P_1231758001.pdf;INYECTABLE PERFUSION;True;TISLELIZUMAB;;;False
Xalkori (crizotinib ): o Tratamiento de pacientes pediátricos (de ≥ 1 a < 18 años de edad) con tumor miofibroblástico inflamatorio (TMI) irresecable recurrente o refractario, positivo para la quinasa del linfoma anaplásico (ALK).;NOTAINFORMATIVACIPM_NOVIEMBRE2024.pdf;aprobado;2024-11-20;Xalkori;no hay linea;linfoma;tmi;False;False;;Pfizer Europe Ma Eeig;https://cima.aemps.es/cima/pdfs/p/112793001/P_112793001.pdf;CAPSULA;True;CRIZOTINIB;;;False
Tevimbra (Tislelizumab ): o En combinación con carboplatino y paclitaxel o nab -paclitaxel para el tratamiento de primera línea de pacientes adultos con CPNM escamoso que tengan CPNM localmente avanzado y que no sean candidatos a resección quirúrgica o quimiorradiación basada en platino, o CPNM metastásico;NOTAINFORMATIVACIPM_NOVIEMBRE2024.pdf;aprobado;2024-11-20;Tevimbra;primera línea;Carcinoma Pulmonar No Microcítico;cpnm;True;False;carboplatino y paclitaxel o nab -paclitaxel para el tratamiento de primera línea de pacientes adultos con CPNM escamoso que tengan CPNM localmente avanzado y que no sean candidatos a resección quirúrgica o quimiorradiación basada en platino, o CPNM metastásico;Beigene Ireland Limited;https://cima.aemps.es/cima/pdfs/p/1231758001/P_1231758001.pdf;INYECTABLE PERFUSION;True;TISLELIZUMAB;;;False
Tevimbra (Tislelizumab ): o En combinación con pemetrexed y quimioterapia basada en platino para tratamiento de primera línea de pacientes adultos con cáncer de pulmón no microcítico (CPNM) no escamoso cuyo tumor exprese PD -L1 en ≥50 % de las células tumorales, sin mutaciones positivas de EGFR o de ALK, y que tengan CPNM localmente avanzado y que no sean candidatos a resección quirúrgica o quimiorradiación basada en platino, o CPNM metastásico;NOTAINFORMATIVACIPM_NOVIEMBRE2024.pdf;aprobado;2024-11-20;Tevimbra;primera línea;tumoral;alk;True;False;pemetrexed y quimioterapia basada en platino para tratamiento de primera línea de pacientes adultos con cáncer de pulmón no microcítico (CPNM;Beigene Ireland Limited;https://cima.aemps.es/cima/pdfs/p/1231758001/P_1231758001.pdf;INYECTABLE PERFUSION;True;TISLELIZUMAB;;;False
Tevimbra (Tislelizumab ): o En combinación con pemetrexed y quimioterapia basada en platino para tratamiento de primera línea de pacientes adultos con cáncer de pulmón no microcítico (CPNM) no escamoso cuyo tumor exprese PD -L1 en ≥50 % de las células tumorales, sin mutaciones positivas de EGFR o de ALK, y que tengan CPNM localmente avanzado y que no sean candidatos a resección quirúrgica o quimiorradiación basada en platino, o CPNM metastásico;NOTAINFORMATIVACIPM_NOVIEMBRE2024.pdf;aprobado;2024-11-20;Tevimbra;primera línea;tumoral;cpnm;True;False;pemetrexed y quimioterapia basada en platino para tratamiento de primera línea de pacientes adultos con cáncer de pulmón no microcítico (CPNM;Beigene Ireland Limited;https://cima.aemps.es/cima/pdfs/p/1231758001/P_1231758001.pdf;INYECTABLE PERFUSION;True;TISLELIZUMAB;;;False
Tevimbra (Tislelizumab ): o En combinación con pemetrexed y quimioterapia basada en platino para tratamiento de primera línea de pacientes adultos con cáncer de pulmón no microcítico (CPNM) no escamoso cuyo tumor exprese PD -L1 en ≥50 % de las células tumorales, sin mutaciones positivas de EGFR o de ALK, y que tengan CPNM localmente avanzado y que no sean candidatos a resección quirúrgica o quimiorradiación basada en platino, o CPNM metastásico;NOTAINFORMATIVACIPM_NOVIEMBRE2024.pdf;aprobado;2024-11-20;Tevimbra;primera línea;cáncer de pulmón no microcítico;alk;True;False;pemetrexed y quimioterapia basada en platino para tratamiento de primera línea de pacientes adultos con cáncer de pulmón no microcítico (CPNM;Beigene Ireland Limited;https://cima.aemps.es/cima/pdfs/p/1231758001/P_1231758001.pdf;INYECTABLE PERFUSION;True;TISLELIZUMAB;;;False
Tevimbra (Tislelizumab ): o En combinación con pemetrexed y quimioterapia basada en platino para tratamiento de primera línea de pacientes adultos con cáncer de pulmón no microcítico (CPNM) no escamoso cuyo tumor exprese PD -L1 en ≥50 % de las células tumorales, sin mutaciones positivas de EGFR o de ALK, y que tengan CPNM localmente avanzado y que no sean candidatos a resección quirúrgica o quimiorradiación basada en platino, o CPNM metastásico;NOTAINFORMATIVACIPM_NOVIEMBRE2024.pdf;aprobado;2024-11-20;Tevimbra;primera línea;cáncer de pulmón no microcítico;cpnm;True;False;pemetrexed y quimioterapia basada en platino para tratamiento de primera línea de pacientes adultos con cáncer de pulmón no microcítico (CPNM;Beigene Ireland Limited;https://cima.aemps.es/cima/pdfs/p/1231758001/P_1231758001.pdf;INYECTABLE PERFUSION;True;TISLELIZUMAB;;;False
 Rozlytrek (entrectinib): Tratamiento en monoterapia de pacientes adultos y pediátricos mayores de 1 mes de edad , con tumores sólidos que tienen una fusión del gen NTRK o que tienen una enfermedad localmente avanzada, metastásica o donde es probable que una resección quirúrgica provoque una morbilidad severa, y o que no han recibido previamente un inhibidor de NTRK o que no tienen opciones terapéuticas satisfactorias;NOTAINFORMATIVACIPM_OCTUBRE2024.pdf;aprobado;2024-10-23;Rozlytrek;no hay linea;tumor;;False;True;;Roche Registration Gmbh;https://cima.aemps.es/cima/pdfs/p/1201460001/P_1201460001.pdf;CAPSULA;True;ENTRECTINIB;;;False
" Fruzaqla (fruquintinib ): Tratamiento de pacientes adultos con cáncer colorrectal metastásico (CCRm) que hayan sido previamente tratados con terapias estándar disponibles, como quimioterapia basada en fluoropirimidina, oxaliplatino e irinotecán, fármacos anti -VEGF y anti -
EGFR y que hayan progresado o sean intolerantes al tratamiento con trifluridina -tipiracilo o regorafenib. ";NOTAINFORMATIVACIPM_OCTUBRE2024.pdf;aprobado;2024-10-23;Fruzaqla;primera línea y segunda línea;cáncer colorrectal;;False;False;;Takeda Pharmaceuticals International Ag Ireland Branch;https://cima.aemps.es/cima/pdfs/p/1241827001/P_1241827001.pdf;CAPSULA;True;FRUQUINTINIB;;;False
 Talvey * (talquetamab ): Tratamiento en monoterapia de pacientes adultos con mieloma múltiple en recaída y refractario, que han recibido al menos 3 tratamientos previos, incluyendo un agente inmunomodulador, un inhibidor del proteasoma y un anticuerpo anti -CD38 y han presentado progresión de la enfermedad al último tratamiento . ;NOTAINFORMATIVACIPM_OCTUBRE2024.pdf;aprobado;2024-10-23;Talvey;tercera línea;mieloma múltiple;;False;True;;Janssen-Cilag International N.V;https://cima.aemps.es/cima/pdfs/p/1231748001/P_1231748001.pdf;INYECTABLE;True;TALQUETAMAB;;;False
"Keytruda (pembrolizumab): o Tratamiento , en combinación con quimioterapia basada en fluoropirimidina y platino , de primera línea del adenocarcinoma gástrico o de la unión gastroesofágica ER -2 negativo localmente avanzado irresecable o metastásico en adultos cuyos tumores expresen PD -
L1 con una CPS ≥ 1 . Se ha acordado la financiación de la extensión de indicación en adolescentes a partir de 12 años del medicamento :";NOTAINFORMATIVACIPM_SEPTIEMBRE2024.pdf;aprobado;2024-09-26;Keytruda;primera línea;tumor;;True;False;quimioterapia basada en fluoropirimidina y platino;Merck Sharp & Dohme B.V.;https://cima.aemps.es/cima/pdfs/p/1151024002/P_1151024002.pdf;INYECTABLE PERFUSION;True;PEMBROLIZUMAB;;;False
Keytruda (pembrolizumab): o Tratamiento , en combinación con gemcitabina y cisplatino , de primera línea en adultos con carcinoma de vías biliares localmente avanzado irresecable o metastásico;NOTAINFORMATIVACIPM_SEPTIEMBRE2024.pdf;aprobado;2024-09-26;Keytruda;primera línea;carcinoma;;True;False;gemcitabina y cisplatino;Merck Sharp & Dohme B.V.;https://cima.aemps.es/cima/pdfs/p/1151024002/P_1151024002.pdf;INYECTABLE PERFUSION;True;PEMBROLIZUMAB;;;False
 Rubra ca (rucaparib camsilato ): Tratamiento de mantenimiento en monoterapia de pacientes adultas con cáncer de ovario epitelial, de trompa de Falopio o peritoneal primario, de alto grado y avanzado (estudios III y IV de la clasificación de la FIGO) que responde (completa o parcialmente) a la quimioterapia con platino en primera línea de tratamiento . ;NOTAINFORMATIVACIPM_SEPTIEMBRE2024.pdf;aprobado;2024-09-26;Rubraca;primera línea;cáncer de ovario;;False;True;;Pharmaand Gmbh;https://cima.aemps.es/cima/pdfs/p/1171250001/P_1171250001.pdf;COMPRIMIDO;True;RUCAPARIB CAMSILATO;;;False
 Trodelvy (sacituzumab govitecán ): Tratamiento en monoterapia de pacientes adultos con cáncer de mama irresecable o metastásico con receptores hormonales (R) positivos, ER2 negativo, que hayan recibido tratamiento basado en terapia endocrina y al menos dos terapias sistémicas adicionales en el contexto avanzado. ;NOTAINFORMATIVACIPM_SEPTIEMBRE2024.pdf;aprobado;2024-09-26;Trodelvy;tercera línea;cáncer de mama;;False;True;;Gilead Sciences Ireland Unlimited Company;https://cima.aemps.es/cima/pdfs/p/1211592001/P_1211592001.pdf;INYECTABLE PERFUSION;True;SACITUZUMAB GOVITECAN;;;False
 Enhertu (trastuzumab deruxtecán ): Tratamiento en monoterapia de pacientes adultos con cáncer de mama con baja expresión de ER2 no resecable o metastásico que han recibido quimioterapia previa en el contexto metastásico o han desarrollado recurrencia de la enfermedad durante o en los 6 meses siguientes a la finalización de la quimioterapia adyuvante . ;NOTAINFORMATIVACIPM_SEPTIEMBRE2024.pdf;aprobado;2024-09-26;Enhertu;segunda línea;cáncer de mama;;False;True;;Daiichi Sankyo Europe Gmbh;https://cima.aemps.es/cima/pdfs/p/1201508001/P_1201508001.pdf;INYECTABLE PERFUSION;True;TRASTUZUMAB DERUXTECAN;;;False
 Retsevmo (selpercatinib ): Tratamiento en monoterapia de adultos y adolescentes a partir de 12 años con cáncer de tiroides avanzado con fusión del gen RET positiva que son refractarios al yodo radiactivo (si el yodo radiactivo es apropiado) .;NOTAINFORMATIVACIPM_SEPTIEMBRE2024.pdf;aprobado;2024-09-26;Retsevmo;no hay linea;cáncer de tiroid;;False;True;;Eli Lilly Nederland B.V.;https://cima.aemps.es/cima/pdfs/p/1201527001/P_1201527001.pdf;CAPSULA;True;SELPERCATINIB;;;False
"Keytruda (pembrolizumab): o Tratamiento , en combinación con quimioterapia basada en fluoropirimidina y platino , de primera línea del adenocarcinoma gástrico o de la unión gastroesofágica ER -2 negativo localmente avanzado irresecable o metastásico en adultos cuyos tumores expresen PD -
L1 con una CPS ≥ 1 . Se ha acordado la financiación de la extensión de indicación en adolescentes a partir de 12 años del medicamento :";NOTAINFORMATIVACIPM_SEPTIEMBRE2024.pdf;aprobado;2024-09-26;Keytruda;primera línea;adenocarcinoma gástrico;;True;False;quimioterapia basada en fluoropirimidina y platino;Merck Sharp & Dohme B.V.;https://cima.aemps.es/cima/pdfs/p/1151024002/P_1151024002.pdf;INYECTABLE PERFUSION;True;PEMBROLIZUMAB;;;False
Locametz (gozetotida ): Detección de lesiones positivas al antígeno prostático de membrana (PSMA) mediante tomografía por emisión de positrones (PET) en adultos con cáncer de próstata (CaP) , tras el marcaje radiactivo con galio 68 , en los siguientes escenarios clínicos: o Identificación de pacientes con cáncer de próstata resistente a la castración metastásico progresivo positivo a PSMA (CPRCm) para los que está indicada la terapia dirigida con PSMA .;NOTAINFORMATIVACIPM_JULIO2024.pdf;aprobado;2024-07-17;Locametz;primera línea y segunda línea;cáncer de próstata;cprcm;False;False;;Novartis Europharm Limited;https://cima.aemps.es/cima/pdfs/p/1221692001/P_1221692001.pdf;RADIOFARMACO;True;GOZETOTIDA;;;False
Locametz (gozetotida ): Detección de lesiones positivas al antígeno prostático de membrana (PSMA) mediante tomografía por emisión de positrones (PET) en adultos con cáncer de próstata (CaP) , tras el marcaje radiactivo con galio 68 , en los siguientes escenarios clínicos: o Estadificación inicial de pacientes con CaP de alto riesgo antes de la terapia curativa inicial;NOTAINFORMATIVACIPM_JULIO2024.pdf;aprobado;2024-07-17;Locametz;primera línea y segunda línea;cáncer de próstata;cap;False;False;;Novartis Europharm Limited;https://cima.aemps.es/cima/pdfs/p/1221692001/P_1221692001.pdf;RADIOFARMACO;True;GOZETOTIDA;;;False
 Libtayo (cemiplimab ): Tratamiento en monoterapia de pacientes adultos con carcinoma cutáneo de células escamosas metastásico o localmente avanzado (CCCEm o CCCEla) que no son candidatos para cirugía curativa o radiación curativa. Se ha acordado la financiación de la extensión de indicación de los medicamento s: ;NOTAINFORMATIVACIPM_JULIO2024.pdf;aprobado;2024-07-17;Libtayo;no hay linea;carcinoma;cccela;False;True;;Regeneron Ireland Designated Activity Company;https://cima.aemps.es/cima/pdfs/p/1191376001/P_1191376001.pdf;INYECTABLE PERFUSION;True;CEMIPLIMAB;;;False
 Libtayo (cemiplimab ): Tratamiento en monoterapia de pacientes adultos con carcinoma cutáneo de células escamosas metastásico o localmente avanzado (CCCEm o CCCEla) que no son candidatos para cirugía curativa o radiación curativa. Se ha acordado la financiación de la extensión de indicación de los medicamento s: ;NOTAINFORMATIVACIPM_JULIO2024.pdf;aprobado;2024-07-17;Libtayo;no hay linea;carcinoma;cccem;False;True;;Regeneron Ireland Designated Activity Company;https://cima.aemps.es/cima/pdfs/p/1191376001/P_1191376001.pdf;INYECTABLE PERFUSION;True;CEMIPLIMAB;;;False
 Jaypirca (pirtobrutinib ): Tratamiento en monoterapia de pacientes adultos con linfoma de células del manto (LCM) en recaída o refractario que hayan sido tratados previamente con un inhibidor de la tirosina quinasa de Bruton (BTK) .;NOTAINFORMATIVACIPM_JULIO2024.pdf;aprobado;2024-07-17;Jaypirca;primera línea y segunda línea;linfoma;lcm;False;True;;Eli Lilly Nederland B.V.;https://cima.aemps.es/cima/pdfs/p/1231738007/P_1231738007.pdf;COMPRIMIDO;True;PIRTOBRUTINIB;;;False
Locametz (gozetotida ): Detección de lesiones positivas al antígeno prostático de membrana (PSMA) mediante tomografía por emisión de positrones (PET) en adultos con cáncer de próstata (CaP) , tras el marcaje radiactivo con galio 68 , en los siguientes escenarios clínicos: o Identificación de pacientes con cáncer de próstata resistente a la castración metastásico progresivo positivo a PSMA (CPRCm) para los que está indicada la terapia dirigida con PSMA .;NOTAINFORMATIVACIPM_JULIO2024.pdf;aprobado;2024-07-17;Locametz;primera línea y segunda línea;cáncer de próstata;cap;False;False;;Novartis Europharm Limited;https://cima.aemps.es/cima/pdfs/p/1221692001/P_1221692001.pdf;RADIOFARMACO;True;GOZETOTIDA;;;False
Locametz (gozetotida ): Detección de lesiones positivas al antígeno prostático de membrana (PSMA) mediante tomografía por emisión de positrones (PET) en adultos con cáncer de próstata (CaP) , tras el marcaje radiactivo con galio 68 , en los siguientes escenarios clínicos: o Sospecha de recidiva de CaP en pacientes con niveles crecientes de antígeno prostático específico (PSA) en suero después de la terapia curativa inicial;NOTAINFORMATIVACIPM_JULIO2024.pdf;aprobado;2024-07-17;Locametz;segunda línea;cáncer de próstata;cap;False;False;;Novartis Europharm Limited;https://cima.aemps.es/cima/pdfs/p/1221692001/P_1221692001.pdf;RADIOFARMACO;True;GOZETOTIDA;;;False
 Inaqovi (decitabina/cedazuridina): T ratamiento en monoterapia de pacientes adultos con leucemia mieloide aguda (LMA) de nuevo diagnóstico que no son candidatos a la quimioterapia de inducción estándar .;NOTAINFORMATIVACIPM_MAYO2024.pdf;aprobado;2024-05-22;Inaqovi;no hay linea;leucemia mieloidir agudo;;False;True;;Otsuka Pharmaceutical Netherlands B.V.;https://cima.aemps.es/cima/pdfs/p/1231756001/P_1231756001.pdf;COMPRIMIDO;True;DECITABINA, CEDAZURIDINA;;;False
 Jemperli (dostarlimab): En combinación con carboplatino y paclitaxel para el tratamiento de pacientes adultas con cáncer de endometrio (CE) avanzado de nuevo diagnóstico o en recaída con deficiencia del sistema de reparación de apareamientos erróneos (dMMR)/inestabilidad de microsatélites alta (MSI -) y que son candidatas a terapia sistémica ;NOTAINFORMATIVACIPM_ABRIL20242.pdf;aprobado;2024-04-24;Jemperli;primera línea y segunda línea;cáncer de endometrio;;True;False;;Glaxosmithkline (Ireland) Limited;https://cima.aemps.es/cima/pdfs/p/1211538001/P_1211538001.pdf;INYECTABLE PERFUSION;True;DOSTARLIMAB;;;False
Pylclari (piflufolastat (18f) ): Detección de lesiones que expresan el antígeno prostático específico de membrana (PSMA) mediante tomografía por emisión de positrones (PEn en adultos con cáncer de próstata (CaP) en los siguientes escenarios clínicos: o Localización de recurrencias de CaP en pacientes con sospecha de recidiva basada en el aumento de los niveles séricos de antígeno prostático específico (PSA) después del tratamiento primario con intención curativa.;NOTAINFORMATIVACIPM_ABRIL20242.pdf;aprobado;2024-04-24;Pylclari;segunda línea;cáncer de próstata;cap;False;False;;Curium Pet France;https://cima.aemps.es/cima/pdfs/p/1231746001/P_1231746001.pdf;INYECTABLE;True;PIFLUFOLASTAT (18F);;;False
 Lunsumio * (mosunetuzumab ): Tratamiento en monoterapia de pacientes adultos con linfoma folicular (LF) en recaída o refractario que han recibido al menos dos terapias sistémicas previas . ;NOTAINFORMATIVACIPM_ABRIL20242.pdf;aprobado;2024-04-24;Lunsumio;tercera línea;linfoma;;False;True;;Roche Registration Gmbh;https://cima.aemps.es/cima/pdfs/p/1221649001/P_1221649001.pdf;INYECTABLE PERFUSION;True;MOSUNETUZUMAB;;;False
Pylclari (piflufolastat (18f) ): Detección de lesiones que expresan el antígeno prostático específico de membrana (PSMA) mediante tomografía por emisión de positrones (PEn en adultos con cáncer de próstata (CaP) en los siguientes escenarios clínicos: o Estadificación primaria de pacientes con CaP d e alto riesgo antes del tratamiento curativo inicial;NOTAINFORMATIVACIPM_ABRIL20242.pdf;aprobado;2024-04-24;Pylclari;segunda línea;cáncer de próstata;cap;False;False;;Curium Pet France;https://cima.aemps.es/cima/pdfs/p/1231746001/P_1231746001.pdf;INYECTABLE;True;PIFLUFOLASTAT (18F);;;False
 Elrexfio (elranatamab): T ratamiento de pacientes adultos con mieloma múltiple en recaída y refractario, que han recibido al menos tres t ratamientos previos, incluidos un agente inmunomodulador, un inhibidor del proteasoma y un anticuerpo anti -CD38, y que han presentado progresión de la enfermedad al último tratamiento . ;NOTAINFORMATIVACIPM_MARZO2024.pdf;aprobado;2024-03-20;Elrexfio;tercera línea;mieloma múltiple;;False;False;;Pfizer Europe Ma Eeig;https://cima.aemps.es/cima/pdfs/p/1231770001/P_1231770001.pdf;INYECTABLE;True;ELRANATAMAB;;;False
Imfinzi (durvalumab ): o Tratamiento de primera línea de adultos con cáncer de vías biliares (CVB) irresecable o metastásico en combinación con gemcitab ina y cisplatino;NOTAINFORMATIVACIPM_MARZO2024.pdf;aprobado;2024-03-20;Imfinzi;primera línea;cáncer;;True;False;gemcitab ina y cisplatino;Astrazeneca Ab;https://cima.aemps.es/cima/pdfs/p/1181322001/P_1181322001.pdf;INYECTABLE PERFUSION;True;DURVALUMAB;;;False
Imfinzi (durvalumab ): o Tratamiento de primera línea de adultos con carcinoma hepatocelul ar (CC) avanzado o irresecable en combinación con tremelimumab .;NOTAINFORMATIVACIPM_MARZO2024.pdf;aprobado;2024-03-20;Imfinzi;primera línea;carcinoma;;True;False;tremelimumab;Astrazeneca Ab;https://cima.aemps.es/cima/pdfs/p/1181322001/P_1181322001.pdf;INYECTABLE PERFUSION;True;DURVALUMAB;;;False
 Tecvayli (teclistamab): T ratamiento en monoterapia de pacientes adultos con mieloma múltiple en recaída y refractario, que han recibido al menos tres tratamientos previos, incluidos un agente inmunomodulador, un inhibidor del proteasoma y un anticuerpo anti -CD38 y han presentado progresión de la enfermedad al último tratamiento . ;NOTAINFORMATIVACIPM_MARZO2024.pdf;aprobado;2024-03-20;Tecvayli;tercera línea;mieloma múltiple;;False;True;;Janssen-Cilag International N.V;https://cima.aemps.es/cima/pdfs/p/1221675001/P_1221675001.pdf;INYECTABLE;True;TECLISTAMAB;;;False
 Lonsurf (trifluridina/tipiracilo hidrocloruro ): Tratamiento , en combinación con bevacizumab, de pacientes adultos con cáncer colorrectal metastásico (CCR) que hayan recibido dos regímenes previos de tratamiento anticanceroso incluyendo quimioterapias basadas en fluoropirimidina, oxaliplatino e irinotecán, agentes anti-VEGF y/o agentes anti -EGFR. ;NOTAINFORMATIVACIPM_FEBRERO2024.pdf;aprobado;2024-02-21;Lonsurf;tercera línea;cáncer colorrectal;;True;False;bevacizumab;Les Laboratoires Servier;https://cima.aemps.es/cima/pdfs/p/1161096001/P_1161096001.pdf;COMPRIMIDO;True;TRIFLURIDINA, TIPIRACILO;;;False
 Pepaxti (melfalá n flufenamida hidrocloruro ): Tratamiento de pacient es adultos con mieloma múltiple, e n combinación con dexametasona, que han recibido al menos tres líneas de tratamientos anteriores, cuya enfermedad sea resistente a al menos un inhibidor del proteo soma, un fármaco inmunomodulador y un anticuerpo monoclonal anti -CD38, y que han demostrado progresión de la enfermedad durante o después del último tratamiento. En el caso de los pacientes con un trasplante autólogo de células madre, el tiempo transcurrid o hasta la progresión deberá ser de al menos 3 años desde el trasplante . ;NOTAINFORMATIVACIPM_FEBRERO2024.pdf;aprobado;2024-02-21;Pepaxti;segunda línea y tercera línea;mieloma múltiple;;True;False;dexametasona;Oncopeptides Ab;https://cima.aemps.es/cima/pdfs/p/1221669001/P_1221669001.pdf;INYECTABLE PERFUSION;True;MELFALAN FLUFENAMIDA HIDROCLORURO;;;False
 Qinlock* (ripretinib ): Tratamiento de pacientes adultos con tumor avanzado del estroma gastrointestinal (GIST) que han recibido tratamiento previo con tres o más inhibidores de quinasa, como imatinib .;NOTAINFORMATIVACIPM_FEBRERO2024.pdf;aprobado;2024-02-21;Qinlock;primera línea y segunda línea;tumor avanzado del estroma gastrointestinal;gist;False;False;;Deciphera Pharmaceuticals (Netherlands) B.V.;https://cima.aemps.es/cima/pdfs/p/1211569001/P_1211569001.pdf;COMPRIMIDO;True;RIPRETINIB;;;False
